5141,WAYNE HSIUNG
4281,WAYNE HSIUNG,AIDAN HILL,NAOMI D. PETE
3925,JESSE ARREGUÍN
3195,AIDAN HILL
2446,JESSE ARREGUÍN,AIDAN HILL,NAOMI D. PETE
2237,AIDAN HILL,WAYNE HSIUNG,NAOMI D. PETE
1734,WAYNE HSIUNG,AIDAN HILL
1422,AIDAN HILL,NAOMI D. PETE,WAYNE HSIUNG
1275,AIDAN HILL,JESSE ARREGUÍN,NAOMI D. PETE
997,AIDAN HILL,WAYNE HSIUNG
946,JESSE ARREGUÍN,AIDAN HILL
878,AIDAN HILL,NAOMI D. PETE,JESSE ARREGUÍN
840,AIDAN HILL,NAOMI D. PETE
822,NAOMI D. PETE
739,AIDAN HILL,JESSE ARREGUÍN
737,WAYNE HSIUNG,NAOMI D. PETE,AIDAN HILL
693,WAYNE HSIUNG,JESSE ARREGUÍN,NAOMI D. PETE
643,NAOMI D. PETE,AIDAN HILL,WAYNE HSIUNG
640,JESSE ARREGUÍN,WAYNE HSIUNG,NAOMI D. PETE
486,WAYNE HSIUNG,JESSE ARREGUÍN
463,JESSE ARREGUÍN,NAOMI D. PETE,AIDAN HILL
378,JESSE ARREGUÍN,WAYNE HSIUNG
321,NAOMI D. PETE,AIDAN HILL,JESSE ARREGUÍN
284,WAYNE HSIUNG,NAOMI D. PETE,JESSE ARREGUÍN
277,NAOMI D. PETE,AIDAN HILL
271,NAOMI D. PETE,WAYNE HSIUNG,AIDAN HILL
270,JESSE ARREGUÍN,NAOMI D. PETE,WAYNE HSIUNG
217,WAYNE HSIUNG,NAOMI D. PETE
172,AIDAN HILL,WAYNE HSIUNG,JESSE ARREGUÍN
171,NAOMI D. PETE,JESSE ARREGUÍN,AIDAN HILL
170,JESSE ARREGUÍN,NAOMI D. PETE
164,NAOMI D. PETE,JESSE ARREGUÍN,WAYNE HSIUNG
158,NAOMI D. PETE,WAYNE HSIUNG,JESSE ARREGUÍN
134,JESSE ARREGUÍN,WAYNE HSIUNG,AIDAN HILL
108,JESSE ARREGUÍN,AIDAN HILL,WAYNE HSIUNG
105,NAOMI D. PETE,WAYNE HSIUNG
104,WAYNE HSIUNG,AIDAN HILL,JESSE ARREGUÍN
103,NAOMI D. PETE,JESSE ARREGUÍN
98,AIDAN HILL,JESSE ARREGUÍN,WAYNE HSIUNG
95,WAYNE HSIUNG,JESSE ARREGUÍN,AIDAN HILL
29,JESSE ARREGUÍN,AIDAN HILL,NAOMI D. PETE,WAYNE HSIUNG
26,NAOMI D. PETE,AIDAN HILL,WAYNE HSIUNG,JESSE ARREGUÍN
24,JESSE ARREGUÍN,WAYNE HSIUNG,AIDAN HILL,NAOMI D. PETE
19,WAYNE HSIUNG,AIDAN HILL,NAOMI D. PETE,JESSE ARREGUÍN
16,WAYNE HSIUNG,JESSE ARREGUÍN,AIDAN HILL,NAOMI D. PETE
15,JESSE ARREGUÍN,AIDAN HILL,WAYNE HSIUNG,NAOMI D. PETE
13,NAOMI D. PETE,AIDAN HILL,JESSE ARREGUÍN,WAYNE HSIUNG
10,NAOMI D. PETE,WAYNE HSIUNG,AIDAN HILL,JESSE ARREGUÍN
9,JESSE ARREGUÍN,NAOMI D. PETE,AIDAN HILL,WAYNE HSIUNG
9,AIDAN HILL,WAYNE HSIUNG,NAOMI D. PETE,JESSE ARREGUÍN
9,AIDAN HILL,NAOMI D. PETE,WAYNE HSIUNG,JESSE ARREGUÍN
8,NAOMI D. PETE,JESSE ARREGUÍN,WAYNE HSIUNG,AIDAN HILL
7,WAYNE HSIUNG,JESSE ARREGUÍN,NAOMI D. PETE,AIDAN HILL
7,AIDAN HILL,JESSE ARREGUÍN,NAOMI D. PETE,WAYNE HSIUNG
7,WAYNE HSIUNG,NAOMI D. PETE,AIDAN HILL,JESSE ARREGUÍN
6,AIDAN HILL,WAYNE HSIUNG,JESSE ARREGUÍN,NAOMI D. PETE
5,WAYNE HSIUNG,NAOMI D. PETE,JESSE ARREGUÍN,AIDAN HILL
5,WAYNE HSIUNG,AIDAN HILL,JESSE ARREGUÍN,NAOMI D. PETE
5,AIDAN HILL,NAOMI D. PETE,JESSE ARREGUÍN,WAYNE HSIUNG
4,AIDAN HILL,JESSE ARREGUÍN,WAYNE HSIUNG,NAOMI D. PETE
4,NAOMI D. PETE,WAYNE HSIUNG,JESSE ARREGUÍN,AIDAN HILL
4,JESSE ARREGUÍN,WAYNE HSIUNG,NAOMI D. PETE,AIDAN HILL
4,NAOMI D. PETE,JESSE ARREGUÍN,AIDAN HILL,WAYNE HSIUNG
2,JESSE ARREGUÍN,NAOMI D. PETE,WAYNE HSIUNG,AIDAN HILL
